Miejsce;Imię;Nazwisko;Miasto;Kraj;Czas
1;Daniel;Kowalski;Gdańsk;POL;1:10:36
2;Hanna;Wójcik;Wrocław;POL;1:11:18
3;Daniel;Szymański;Kraków;POL;1:13:33
4;Tomasz;Lewandowski;Warszawa;POL;1:14:07
5;Adam;Nowak;Poznań;POL;1:17:49
6;Hanna;Szymański;Białystok;POL;1:18:37
7;Adam;Szymański;Poznań;POL;1:18:48
8;Sara;Lewandowski;Poznań;POL;1:20:04
9;Oskar;Woźniak;Gdańsk;POL;1:21:41
10;Adam;Wiśniewski;Szczecin;POL;1:22:44
11;Kamil;Kowalczyk;Wrocław;POL;1:24:08
12;Grażyna;Kamiński;Kraków;POL;1:24:48
13;Cezary;Lewandowski;Kraków;POL;1:26:22
14;Lena;Kamiński;Białystok;POL;1:27:24
15;Igor;Kowalski;Bydgoszcz;POL;1:29:12
16;Sara;Nowak;Szczecin;POL;1:29:50
17;Cezary;Szymański;Gdańsk;POL;1:30:58
18;Ula;Kamiński;Białystok;POL;1:30:59
19;Grażyna;Nowak;Warszawa;POL;1:31:33
20;Hanna;Kowalczyk;Kraków;POL;1:31:50
21;Hanna;Nowak;Szczecin;POL;1:32:57
22;Igor;Zieliński;Łódź;POL;1:33:00
23;Filip;Kamiński;Łódź;POL;1:33:02
24;Grażyna;Kowalczyk;Kraków;POL;1:33:05
25;Ula;Wiśniewski;Lublin;POL;1:34:13
26;Hanna;Wiśniewski;Bydgoszcz;POL;1:35:21
27;Michał;Kowalczyk;Lublin;POL;1:35:29
28;Hanna;Kamiński;Warszawa;POL;1:35:37
29;Hanna;Kowalski;Łódź;POL;1:36:29
30;Michał;Kowalczyk;Kraków;POL;1:36:29
31;Grażyna;Woźniak;Łódź;POL;1:36:36
32;Grażyna;Zieliński;Szczecin;POL;1:37:55
33;Oskar;Wiśniewski;Gdańsk;POL;1:38:15
34;Ewa;Wójcik;Lublin;POL;1:39:47
35;Sara;Kowalczyk;Białystok;POL;1:41:00
36;Natalia;Woźniak;Szczecin;POL;1:41:39
37;Lena;Wójcik;Wrocław;POL;1:42:34
38;Radek;Zieliński;Kraków;POL;1:42:57
39;Bartek;Nowak;Wrocław;POL;1:43:07
40;Filip;Lewandowski;Białystok;POL;1:43:37
41;Cezary;Lewandowski;Szczecin;POL;1:44:42
42;Ula;Zieliński;Lublin;POL;1:44:51
43;Igor;Szymański;Warszawa;POL;1:44:58
44;Daniel;Szymański;Gdańsk;POL;1:45:09
45;Kamil;Nowak;Gdańsk;POL;1:45:38
46;Natalia;Wiśniewski;Bydgoszcz;POL;1:47:27
47;Adam;Kowalczyk;Lublin;POL;1:48:08
48;Filip;Szymański;Kraków;POL;1:49:10
49;Joanna;Szymański;Białystok;POL;1:49:42
50;Grażyna;Wiśniewski;Łódź;POL;1:51:04
51;Filip;Szymański;Lublin;POL;1:51:30
52;Adam;Woźniak;Łódź;POL;1:52:20
53;Paulina;Kowalski;Kraków;POL;1:53:58
54;Lena;Kowalczyk;Poznań;POL;1:54:37
55;Bartek;Wójcik;Białystok;POL;1:55:27
56;Cezary;Nowak;Bydgoszcz;POL;1:55:51
57;Cezary;Szymański;Wrocław;POL;2:01:59
58;Ewa;Zieliński;Lublin;POL;2:02:50
59;Filip;Kowalczyk;Lublin;POL;2:03:41
60;Ula;Lewandowski;Poznań;POL;2:07:47
